dep;clage_vacsi;jour;n_tot_dose1;n_tot_complet;pop;couv_tot_dose1;couv_tot_complet
00;59;2021-05-03;0;1;;;
00;69;2021-05-03;0;1;;;
00;79;2021-05-03;1;0;;;
00;80;2021-05-03;1;0;;;
01;24;2021-05-03;1193;360;45088.0;2.6;0.8
01;29;2021-05-03;1351;447;34820.0;3.9;1.3
01;39;2021-05-03;4508;1494;85588.0;5.3;1.7
01;49;2021-05-03;7827;2598;89678.0;8.7;2.9
01;59;2021-05-03;20546;5607;89791.0;22.9;6.2
01;64;2021-05-03;17463;3133;38384.0;45.5;8.2
01;69;2021-05-03;18669;3826;35116.0;53.2;10.9
01;74;2021-05-03;21162;8258;30953.0;68.4;26.7
01;79;2021-05-03;14803;11191;20058.0;73.8;55.8
01;80;2021-05-03;23116;17875;34225.0;67.5;52.2
02;24;2021-05-03;1241;382;37469.0;3.3;1.0
02;29;2021-05-03;1333;503;26232.0;5.1;1.9
02;39;2021-05-03;4270;1683;62599.0;6.8;2.7
02;49;2021-05-03;6665;2732;64812.0;10.3;4.2
02;59;2021-05-03;18605;5600;70352.0;26.4;8.0
02;64;2021-05-03;15056;3377;34901.0;43.1;9.7
02;69;2021-05-03;17289;4711;34176.0;50.6;13.8
02;74;2021-05-03;20184;8708;28969.0;69.7;30.1
02;79;2021-05-03;12448;9302;16402.0;75.9;56.7
02;80;2021-05-03;21163;15996;32544.0;65.0;49.2
03;24;2021-05-03;955;261;20427.0;4.7;1.3
03;29;2021-05-03;936;377;14422.0;6.5;2.6
03;39;2021-05-03;2919;1263;33349.0;8.8;3.8
03;49;2021-05-03;5117;2172;39464.0;13.0;5.5
03;59;2021-05-03;13284;4048;45840.0;29.0;8.8
03;64;2021-05-03;11314;2157;23776.0;47.6;9.1
03;69;2021-05-03;13684;2976;25182.0;54.3;11.8
03;74;2021-05-03;16210;5992;23121.0;70.1;25.9
03;79;2021-05-03;12089;9656;15099.0;80.1;64.0
03;80;2021-05-03;21600;17366;30684.0;70.4;56.6
04;24;2021-05-03;171;66;9366.0;1.8;0.7
04;29;2021-05-03;253;101;7090.0;3.6;1.4
04;39;2021-05-03;804;364;17545.0;4.6;2.1
04;49;2021-05-03;1773;779;19525.0;9.1;4.0
04;59;2021-05-03;5528;1937;23898.0;23.1;8.1
04;64;2021-05-03;4872;1196;12510.0;38.9;9.6
04;69;2021-05-03;5886;1822;11975.0;49.2;15.2
04;74;2021-05-03;7889;3954;11196.0;70.5;35.3
04;79;2021-05-03;6183;4875;7612.0;81.2;64.0
04;80;2021-05-03;9017;7190;13386.0;67.4;53.7
05;24;2021-05-03;203;73;8030.0;2.5;0.9
05;29;2021-05-03;344;136;6298.0;5.5;2.2
05;39;2021-05-03;1138;499;16000.0;7.1;3.1
05;49;2021-05-03;1864;783;17800.0;10.5;4.4
05;59;2021-05-03;5150;1790;20029.0;25.7;8.9
05;64;2021-05-03;4732;968;10157.0;46.6;9.5
05;69;2021-05-03;5698;1223;10059.0;56.6;12.2
05;74;2021-05-03;6895;3292;8831.0;78.1;37.3
05;79;2021-05-03;4899;3991;5786.0;84.7;69.0
05;80;2021-05-03;7547;6208;11099.0;68.0;55.9
06;24;2021-05-03;3181;832;75754.0;4.2;1.1
06;29;2021-05-03;4027;1321;53360.0;7.5;2.5
06;39;2021-05-03;12495;4023;126997.0;9.8;3.2
06;49;2021-05-03;23511;6593;136067.0;17.3;4.8
06;59;2021-05-03;57364;13729;146182.0;39.2;9.4
06;64;2021-05-03;37612;8950;67948.0;55.4;13.2
06;69;2021-05-03;40938;15580;65935.0;62.1;23.6
06;74;2021-05-03;48161;24957;64545.0;74.6;38.7
06;79;2021-05-03;39879;32155;49474.0;80.6;65.0
06;80;2021-05-03;63743;51189;89569.0;71.2;57.2
07;24;2021-05-03;557;252;18892.0;2.9;1.3
07;29;2021-05-03;661;354;13765.0;4.8;2.6
07;39;2021-05-03;2402;1190;34837.0;6.9;3.4
07;49;2021-05-03;4570;2037;41497.0;11.0;4.9
07;59;2021-05-03;12355;4164;46663.0;26.5;8.9
07;64;2021-05-03;10505;2317;23577.0;44.6;9.8
07;69;2021-05-03;12977;3134;23453.0;55.3;13.4
07;74;2021-05-03;15392;5606;21460.0;71.7;26.1
07;79;2021-05-03;10709;7877;13721.0;78.0;57.4
07;80;2021-05-03;17141;13109;24817.0;69.1;52.8
08;24;2021-05-03;825;207;18037.0;4.6;1.1
08;29;2021-05-03;932;273;13085.0;7.1;2.1
08;39;2021-05-03;2910;890;30561.0;9.5;2.9
08;49;2021-05-03;4522;1344;32888.0;13.7;4.1
08;59;2021-05-03;12195;3025;37571.0;32.5;8.1
08;64;2021-05-03;10198;1834;18636.0;54.7;9.8
08;69;2021-05-03;11028;2424;17922.0;61.5;13.5
08;74;2021-05-03;11653;4679;15463.0;75.4;30.3
08;79;2021-05-03;6947;5471;8669.0;80.1;63.1
08;80;2021-05-03;12273;9840;18175.0;67.5;54.1
09;24;2021-05-03;361;129;9110.0;4.0;1.4
09;29;2021-05-03;421;179;6679.0;6.3;2.7
09;39;2021-05-03;1349;579;15798.0;8.5;3.7
09;49;2021-05-03;2629;1058;18797.0;14.0;5.6
09;59;2021-05-03;6142;2017;21635.0;28.4;9.3
09;64;2021-05-03;5178;1147;11336.0;45.7;10.1
09;69;2021-05-03;6547;1687;11303.0;57.9;14.9
09;74;2021-05-03;8031;3373;10028.0;80.1;33.6
09;79;2021-05-03;5683;4165;6375.0;89.1;65.3
09;80;2021-05-03;9338;7024;13426.0;69.6;52.3
10;24;2021-05-03;902;347;24096.0;3.7;1.4
10;29;2021-05-03;1027;414;16549.0;6.2;2.5
10;39;2021-05-03;3170;1281;36584.0;8.7;3.5
10;49;2021-05-03;5227;2008;38394.0;13.6;5.2
10;59;2021-05-03;13112;4186;39551.0;33.2;10.6
10;64;2021-05-03;10714;2187;19401.0;55.2;11.3
10;69;2021-05-03;12130;3162;19343.0;62.7;16.3
10;74;2021-05-03;14130;6857;17592.0;80.3;39.0
10;79;2021-05-03;9452;7593;10554.0;89.6;71.9
10;80;2021-05-03;15706;12471;20810.0;75.5;59.9
11;24;2021-05-03;679;284;22902.0;3.0;1.2
11;29;2021-05-03;809;320;15409.0;5.3;2.1
11;39;2021-05-03;2666;1067;39384.0;6.8;2.7
11;49;2021-05-03;5021;1970;45681.0;11.0;4.3
11;59;2021-05-03;13736;3815;51248.0;26.8;7.4
11;64;2021-05-03;11762;2250;26525.0;44.3;8.5
11;69;2021-05-03;14614;3194;27686.0;52.8;11.5
11;74;2021-05-03;17284;5848;25828.0;66.9;22.6
11;79;2021-05-03;12105;8380;16823.0;72.0;49.8
11;80;2021-05-03;18632;13384;30100.0;61.9;44.5
12;24;2021-05-03;651;266;16356.0;4.0;1.6
12;29;2021-05-03;773;359;11329.0;6.8;3.2
12;39;2021-05-03;2684;1224;28724.0;9.3;4.3
12;49;2021-05-03;4736;2023;33377.0;14.2;6.1
12;59;2021-05-03;12074;3918;39683.0;30.4;9.9
12;64;2021-05-03;10621;2073;20219.0;52.5;10.3
12;69;2021-05-03;12840;2784;20502.0;62.6;13.6
12;74;2021-05-03;14991;5687;18733.0;80.0;30.4
12;79;2021-05-03;10411;8130;12213.0;85.2;66.6
12;80;2021-05-03;19643;15811;26666.0;73.7;59.3
13;24;2021-05-03;6695;2643;166869.0;4.0;1.6
13;29;2021-05-03;7602;3500;113164.0;6.7;3.1
13;39;2021-05-03;22339;9763;254362.0;8.8;3.8
13;49;2021-05-03;39884;16449;256640.0;15.5;6.4
13;59;2021-05-03;87633;31078;265649.0;33.0;11.7
13;64;2021-05-03;61109;18907;120563.0;50.7;15.7
13;69;2021-05-03;65209;23100;115967.0;56.2;19.9
13;74;2021-05-03;73940;37017;105855.0;69.9;35.0
13;79;2021-05-03;56763;42528;76830.0;73.9;55.4
13;80;2021-05-03;84575;63429;128303.0;65.9;49.4
14;24;2021-05-03;3368;1001;60987.0;5.5;1.6
14;29;2021-05-03;3163;1060;34960.0;9.0;3.0
14;39;2021-05-03;8109;2941;78671.0;10.3;3.7
14;49;2021-05-03;11328;4006;84964.0;13.3;4.7
14;59;2021-05-03;27666;7456;89285.0;31.0;8.4
14;64;2021-05-03;24080;3709;45437.0;53.0;8.2
14;69;2021-05-03;28168;4649;45564.0;61.8;10.2
14;74;2021-05-03;33219;9858;39971.0;83.1;24.7
14;79;2021-05-03;21184;15623;23384.0;90.6;66.8
14;80;2021-05-03;35952;27542;47097.0;76.3;58.5
15;24;2021-05-03;413;168;8091.0;5.1;2.1
15;29;2021-05-03;457;179;5406.0;8.5;3.3
15;39;2021-05-03;1489;643;14131.0;10.5;4.6
15;49;2021-05-03;2320;983;17202.0;13.5;5.7
15;59;2021-05-03;5674;2022;21195.0;26.8;9.5
15;64;2021-05-03;5001;1047;11135.0;44.9;9.4
15;69;2021-05-03;6240;1375;11435.0;54.6;12.0
15;74;2021-05-03;7790;2801;10127.0;76.9;27.7
15;79;2021-05-03;5153;3780;6453.0;79.9;58.6
15;80;2021-05-03;9632;7432;13739.0;70.1;54.1
16;24;2021-05-03;481;187;22805.0;2.1;0.8
16;29;2021-05-03;827;373;16488.0;5.0;2.3
16;39;2021-05-03;2371;916;37221.0;6.4;2.5
16;49;2021-05-03;3950;1586;42419.0;9.3;3.7
16;59;2021-05-03;12043;3238;48767.0;24.7;6.6
16;64;2021-05-03;11874;1737;25626.0;46.3;6.8
16;69;2021-05-03;14245;2147;25227.0;56.5;8.5
16;74;2021-05-03;17082;3945;22007.0;77.6;17.9
16;79;2021-05-03;12146;8466;14324.0;84.8;59.1
16;80;2021-05-03;21758;16093;29131.0;74.7;55.2
17;24;2021-05-03;1173;436;41888.0;2.8;1.0
17;29;2021-05-03;1627;708;25772.0;6.3;2.7
17;39;2021-05-03;4907;2111;66631.0;7.4;3.2
17;49;2021-05-03;7768;3508;78405.0;9.9;4.5
17;59;2021-05-03;21672;6689;85909.0;25.2;7.8
17;64;2021-05-03;21894;3563;47547.0;46.0;7.5
17;69;2021-05-03;29327;5297;51529.0;56.9;10.3
17;74;2021-05-03;37948;13642;47920.0;79.2;28.5
17;79;2021-05-03;25789;19409;30024.0;85.9;64.6
17;80;2021-05-03;40538;31121;55292.0;73.3;56.3
18;24;2021-05-03;505;165;18426.0;2.7;0.9
18;29;2021-05-03;639;219;13223.0;4.8;1.7
18;39;2021-05-03;2025;737;31552.0;6.4;2.3
18;49;2021-05-03;3684;1414;35301.0;10.4;4.0
18;59;2021-05-03;10636;3202;41611.0;25.6;7.7
18;64;2021-05-03;10337;1770;21471.0;48.1;8.2
18;69;2021-05-03;12029;2253;21413.0;56.2;10.5
18;74;2021-05-03;14843;4761;20101.0;73.8;23.7
18;79;2021-05-03;10824;7317;12438.0;87.0;58.8
18;80;2021-05-03;18542;13618;24943.0;74.3;54.6
19;24;2021-05-03;661;253;15462.0;4.3;1.6
19;29;2021-05-03;801;350;10380.0;7.7;3.4
19;39;2021-05-03;2248;941;24486.0;9.2;3.8
19;49;2021-05-03;3786;1571;29167.0;13.0;5.4
19;59;2021-05-03;9886;3275;33019.0;29.9;9.9
19;64;2021-05-03;8137;1805;17701.0;46.0;10.2
19;69;2021-05-03;9800;2336;18195.0;53.9;12.8
19;74;2021-05-03;12070;4287;16310.0;74.0;26.3
19;79;2021-05-03;8605;6329;10544.0;81.6;60.0
19;80;2021-05-03;16328;12272;22198.0;73.6;55.3
20;24;2021-05-03;3;0;;;
20;29;2021-05-03;4;0;;;
20;39;2021-05-03;23;0;;;
20;49;2021-05-03;22;0;;;
20;59;2021-05-03;248;11;;;
20;64;2021-05-03;129;3;;;
20;69;2021-05-03;103;4;;;
20;74;2021-05-03;71;2;;;
20;79;2021-05-03;12;2;;;
20;80;2021-05-03;29;6;;;
21;24;2021-05-03;2720;1203;51370.0;5.3;2.3
21;29;2021-05-03;2215;1075;29584.0;7.5;3.6
21;39;2021-05-03;5266;2660;62868.0;8.4;4.2
21;49;2021-05-03;7033;3601;65826.0;10.7;5.5
21;59;2021-05-03;18511;6418;68688.0;26.9;9.3
21;64;2021-05-03;14830;3338;33480.0;44.3;10.0
21;69;2021-05-03;16792;4396;32324.0;51.9;13.6
21;74;2021-05-03;21540;8480;29647.0;72.7;28.6
21;79;2021-05-03;15099;11986;18184.0;83.0;65.9
21;80;2021-05-03;26005;20902;34790.0;74.7;60.1
22;24;2021-05-03;1779;636;36952.0;4.8;1.7
22;29;2021-05-03;2018;788;23678.0;8.5;3.3
22;39;2021-05-03;6361;2590;60806.0;10.5;4.3
22;49;2021-05-03;9792;4187;72804.0;13.4;5.8
22;59;2021-05-03;23337;9000;80453.0;29.0;11.2
22;64;2021-05-03;21583;5262;43408.0;49.7;12.1
22;69;2021-05-03;26937;7535;44297.0;60.8;17.0
22;74;2021-05-03;36088;13925;40776.0;88.5;34.1
22;79;2021-05-03;22177;16513;24257.0;91.4;68.1
22;80;2021-05-03;39915;30954;50299.0;79.4;61.5
23;24;2021-05-03;348;81;6260.0;5.6;1.3
23;29;2021-05-03;397;141;4492.0;8.8;3.1
23;39;2021-05-03;1156;419;10711.0;10.8;3.9
23;49;2021-05-03;2041;723;13371.0;15.3;5.4
23;59;2021-05-03;5435;1598;17031.0;31.9;9.4
23;64;2021-05-03;4988;1011;9821.0;50.8;10.3
23;69;2021-05-03;5701;1340;9849.0;57.9;13.6
23;74;2021-05-03;6454;2500;8970.0;72.0;27.9
23;79;2021-05-03;4308;3119;5131.0;84.0;60.8
23;80;2021-05-03;8340;6405;11943.0;69.8;53.6
24;24;2021-05-03;659;221;22541.0;2.9;1.0
24;29;2021-05-03;965;346;15932.0;6.1;2.2
24;39;2021-05-03;3019;1173;39189.0;7.7;3.0
24;49;2021-05-03;5595;2088;48292.0;11.6;4.3
24;59;2021-05-03;16179;4697;59110.0;27.4;7.9
24;64;2021-05-03;14661;2673;32291.0;45.4;8.3
24;69;2021-05-03;17856;3428;33389.0;53.5;10.3
24;74;2021-05-03;22028;7457;30858.0;71.4;24.2
24;79;2021-05-03;14790;9943;19184.0;77.1;51.8
24;80;2021-05-03;25395;17788;38638.0;65.7;46.0
25;24;2021-05-03;1433;506;47429.0;3.0;1.1
25;29;2021-05-03;1562;521;30431.0;5.1;1.7
25;39;2021-05-03;3934;1536;67253.0;5.8;2.3
25;49;2021-05-03;6166;2278;67339.0;9.2;3.4
25;59;2021-05-03;17150;5196;67781.0;25.3;7.7
25;64;2021-05-03;15048;2877;31706.0;47.5;9.1
25;69;2021-05-03;16651;3557;30203.0;55.1;11.8
25;74;2021-05-03;20093;7917;28593.0;70.3;27.7
25;79;2021-05-03;14515;11356;17681.0;82.1;64.2
25;80;2021-05-03;24153;19152;33060.0;73.1;57.9
26;24;2021-05-03;905;251;34548.0;2.6;0.7
26;29;2021-05-03;1139;390;24822.0;4.6;1.6
26;39;2021-05-03;3926;1347;62462.0;6.3;2.2
26;49;2021-05-03;6561;2220;65055.0;10.1;3.4
26;59;2021-05-03;18763;5208;69283.0;27.1;7.5
26;64;2021-05-03;15864;2956;33560.0;47.3;8.8
26;69;2021-05-03;18792;4310;32308.0;58.2;13.3
26;74;2021-05-03;22492;9156;29997.0;75.0;30.5
26;79;2021-05-03;17287;13679;19941.0;86.7;68.6
26;80;2021-05-03;25531;20170;34888.0;73.2;57.8
27;24;2021-05-03;1125;333;40670.0;2.8;0.8
27;29;2021-05-03;1296;428;28567.0;4.5;1.5
27;39;2021-05-03;4583;1558;73301.0;6.3;2.1
27;49;2021-05-03;7222;2583;80019.0;9.0;3.2
27;59;2021-05-03;19901;5405;80762.0;24.6;6.7
27;64;2021-05-03;17164;3155;38454.0;44.6;8.2
27;69;2021-05-03;19355;4308;36662.0;52.8;11.8
27;74;2021-05-03;22459;9252;31470.0;71.4;29.4
27;79;2021-05-03;15845;12306;18731.0;84.6;65.7
27;80;2021-05-03;24280;19167;33986.0;71.4;56.4
28;24;2021-05-03;949;404;27514.0;3.4;1.5
28;29;2021-05-03;1079;470;20894.0;5.2;2.2
28;39;2021-05-03;3603;1511;51269.0;7.0;2.9
28;49;2021-05-03;5613;2373;55770.0;10.1;4.3
28;59;2021-05-03;15118;4163;57755.0;26.2;7.2
28;64;2021-05-03;13587;1920;27002.0;50.3;7.1
28;69;2021-05-03;15467;2227;26418.0;58.5;8.4
28;74;2021-05-03;17885;4757;23002.0;77.8;20.7
28;79;2021-05-03;11830;8723;13878.0;85.2;62.9
28;80;2021-05-03;20612;15633;28717.0;71.8;54.4
29;24;2021-05-03;3416;902;70022.0;4.9;1.3
29;29;2021-05-03;3753;1203;42569.0;8.8;2.8
29;39;2021-05-03;9848;3338;99828.0;9.9;3.3
29;49;2021-05-03;14201;5142;113799.0;12.5;4.5
29;59;2021-05-03;35742;10617;123509.0;28.9;8.6
29;64;2021-05-03;32674;4206;63508.0;51.4;6.6
29;69;2021-05-03;36097;4585;60999.0;59.2;7.5
29;74;2021-05-03;44052;11116;54208.0;81.3;20.5
29;79;2021-05-03;28381;18502;32298.0;87.9;57.3
29;80;2021-05-03;52340;36467;67044.0;78.1;54.4
2A;24;2021-05-03;837;171;9206.0;9.1;1.9
2A;29;2021-05-03;1138;324;7844.0;14.5;4.1
2A;39;2021-05-03;3700;1143;20657.0;17.9;5.5
2A;49;2021-05-03;6653;2265;22044.0;30.2;10.3
2A;59;2021-05-03;11244;4384;23268.0;48.3;18.8
2A;64;2021-05-03;6441;2789;10671.0;60.4;26.1
2A;69;2021-05-03;6963;3515;10602.0;65.7;33.2
2A;74;2021-05-03;6905;4328;9731.0;71.0;44.5
2A;79;2021-05-03;5031;4029;7933.0;63.4;50.8
2A;80;2021-05-03;7387;5917;11632.0;63.5;50.9
2B;24;2021-05-03;550;130;13486.0;4.1;1.0
2B;29;2021-05-03;703;211;9563.0;7.4;2.2
2B;39;2021-05-03;2953;768;22967.0;12.9;3.3
2B;49;2021-05-03;5806;1636;23161.0;25.1;7.1
2B;59;2021-05-03;10467;3713;24702.0;42.4;15.0
2B;64;2021-05-03;6830;2588;11790.0;57.9;22.0
2B;69;2021-05-03;7402;3228;12032.0;61.5;26.8
2B;74;2021-05-03;7891;4553;10849.0;72.7;42.0
2B;79;2021-05-03;5816;4839;8172.0;71.2;59.2
2B;80;2021-05-03;8784;7464;12552.0;70.0;59.5
30;24;2021-05-03;1688;907;52820.0;3.2;1.7
30;29;2021-05-03;1944;1055;34641.0;5.6;3.0
30;39;2021-05-03;5914;2956;84369.0;7.0;3.5
30;49;2021-05-03;9399;4508;91908.0;10.2;4.9
30;59;2021-05-03;26397;8686;103521.0;25.5;8.4
30;64;2021-05-03;23107;4700;50969.0;45.3;9.2
30;69;2021-05-03;27231;6033;50457.0;54.0;12.0
30;74;2021-05-03;35301;13635;45688.0;77.3;29.8
30;79;2021-05-03;25306;19097;30153.0;83.9;63.3
30;80;2021-05-03;36750;27826;50677.0;72.5;54.9
31;24;2021-05-03;5605;1935;147618.0;3.8;1.3
31;29;2021-05-03;5914;2221;96416.0;6.1;2.3
31;39;2021-05-03;13891;5305;194920.0;7.1;2.7
31;49;2021-05-03;19708;7138;184340.0;10.7;3.9
31;59;2021-05-03;55941;14015;174175.0;32.1;8.0
31;64;2021-05-03;40929;6693;72167.0;56.7;9.3
31;69;2021-05-03;39859;6890;65865.0;60.5;10.5
31;74;2021-05-03;43761;13995;59889.0;73.1;23.4
31;79;2021-05-03;31093;20429;39232.0;79.3;52.1
31;80;2021-05-03;50930;35135;70928.0;71.8;49.5
32;24;2021-05-03;491;189;10079.0;4.9;1.9
32;29;2021-05-03;606;266;7305.0;8.3;3.6
32;39;2021-05-03;1720;704;18813.0;9.1;3.7
32;49;2021-05-03;3149;1175;23258.0;13.5;5.1
32;59;2021-05-03;7498;2128;27973.0;26.8;7.6
32;64;2021-05-03;7798;959;14418.0;54.1;6.7
32;69;2021-05-03;8659;988;14445.0;59.9;6.8
32;74;2021-05-03;9403;1823;13008.0;72.3;14.0
32;79;2021-05-03;6616;4057;8613.0;76.8;47.1
32;80;2021-05-03;12360;8122;18030.0;68.6;45.0
33;24;2021-05-03;6264;2440;152227.0;4.1;1.6
33;29;2021-05-03;6872;2551;96491.0;7.1;2.6
33;39;2021-05-03;18521;6675;211536.0;8.8;3.2
33;49;2021-05-03;26758;9129;220133.0;12.2;4.1
33;59;2021-05-03;66193;17169;205186.0;32.3;8.4
33;64;2021-05-03;52037;8449;94195.0;55.2;9.0
33;69;2021-05-03;57325;10752;91164.0;62.9;11.8
33;74;2021-05-03;66800;22204;82221.0;81.2;27.0
33;79;2021-05-03;44322;30862;51472.0;86.1;60.0
33;80;2021-05-03;71356;50378;93624.0;76.2;53.8
34;24;2021-05-03;3582;1127;109686.0;3.3;1.0
34;29;2021-05-03;4468;1602;65836.0;6.8;2.4
34;39;2021-05-03;11721;4529;142491.0;8.2;3.2
34;49;2021-05-03;17509;6669;145553.0;12.0;4.6
34;59;2021-05-03;44159;12536;147241.0;30.0;8.5
34;64;2021-05-03;37016;6801;69781.0;53.0;9.7
34;69;2021-05-03;42208;8784;71456.0;59.1;12.3
34;74;2021-05-03;49688;18852;67486.0;73.6;27.9
34;79;2021-05-03;36818;26728;44508.0;82.7;60.1
34;80;2021-05-03;53531;39285;75563.0;70.8;52.0
35;24;2021-05-03;4932;1158;104190.0;4.7;1.1
35;29;2021-05-03;4907;1370;61845.0;7.9;2.2
35;39;2021-05-03;12391;3634;136675.0;9.1;2.7
35;49;2021-05-03;16091;5159;143253.0;11.2;3.6
35;59;2021-05-03;39623;9756;135357.0;29.3;7.2
35;64;2021-05-03;32646;4017;59016.0;55.3;6.8
35;69;2021-05-03;34593;4506;55998.0;61.8;8.0
35;74;2021-05-03;40993;9282;50609.0;81.0;18.3
35;79;2021-05-03;27267;18495;30280.0;90.0;61.1
35;80;2021-05-03;50504;35757;62438.0;80.9;57.3
36;24;2021-05-03;534;196;13347.0;4.0;1.5
36;29;2021-05-03;601;261;8959.0;6.7;2.9
36;39;2021-05-03;1829;775;20646.0;8.9;3.8
36;49;2021-05-03;2940;1178;25665.0;11.5;4.6
36;59;2021-05-03;8597;2457;30627.0;28.1;8.0
36;64;2021-05-03;8152;1110;16697.0;48.8;6.6
36;69;2021-05-03;9669;1336;16845.0;57.4;7.9
36;74;2021-05-03;11704;2941;15444.0;75.8;19.0
36;79;2021-05-03;8540;6335;9912.0;86.2;63.9
36;80;2021-05-03;15461;11871;20492.0;75.4;57.9
37;24;2021-05-03;2932;791;51128.0;5.7;1.5
37;29;2021-05-03;2500;753;30771.0;8.1;2.4
37;39;2021-05-03;6150;2049;71384.0;8.6;2.9
37;49;2021-05-03;7730;2751;75823.0;10.2;3.6
37;59;2021-05-03;21934;6308;77908.0;28.2;8.1
37;64;2021-05-03;19244;2714;38120.0;50.5;7.1
37;69;2021-05-03;21634;2669;37052.0;58.4;7.2
37;74;2021-05-03;25204;5644;33451.0;75.3;16.9
37;79;2021-05-03;17342;10555;21199.0;81.8;49.8
37;80;2021-05-03;31164;20298;43131.0;72.3;47.1
38;24;2021-05-03;4375;1512;108965.0;4.0;1.4
38;29;2021-05-03;4442;1587;67727.0;6.6;2.3
38;39;2021-05-03;12173;4169;156507.0;7.8;2.7
38;49;2021-05-03;17868;5942;166838.0;10.7;3.6
38;59;2021-05-03;46946;11602;165540.0;28.4;7.0
38;64;2021-05-03;39943;6422;73262.0;54.5;8.8
38;69;2021-05-03;41329;7116;68087.0;60.7;10.5
38;74;2021-05-03;45854;15075;60493.0;75.8;24.9
38;79;2021-05-03;33182;25147;41745.0;79.5;60.2
38;80;2021-05-03;51224;39359;70307.0;72.9;56.0
39;24;2021-05-03;366;193;16259.0;2.3;1.2
39;29;2021-05-03;488;262;11639.0;4.2;2.3
39;39;2021-05-03;1613;943;28552.0;5.6;3.3
39;49;2021-05-03;2820;1610;32094.0;8.8;5.0
39;59;2021-05-03;8664;3232;36427.0;23.8;8.9
39;64;2021-05-03;7994;1685;17732.0;45.1;9.5
39;69;2021-05-03;9142;2107;17001.0;53.8;12.4
39;74;2021-05-03;11787;4028;15842.0;74.4;25.4
39;79;2021-05-03;9091;7280;10318.0;88.1;70.6
39;80;2021-05-03;14454;11558;19732.0;73.3;58.6
40;24;2021-05-03;851;297;23141.0;3.7;1.3
40;29;2021-05-03;1117;461;17313.0;6.5;2.7
40;39;2021-05-03;3405;1401;45849.0;7.4;3.1
40;49;2021-05-03;5818;2377;54129.0;10.7;4.4
40;59;2021-05-03;16575;4754;58062.0;28.5;8.2
40;64;2021-05-03;14741;2565;29228.0;50.4;8.8
40;69;2021-05-03;18133;3598;30256.0;59.9;11.9
40;74;2021-05-03;21787;6931;27412.0;79.5;25.3
40;79;2021-05-03;14576;10708;17201.0;84.7;62.3
40;80;2021-05-03;24208;18258;32052.0;75.5;57.0
41;24;2021-05-03;745;267;20436.0;3.6;1.3
41;29;2021-05-03;821;375;14376.0;5.7;2.6
41;39;2021-05-03;2440;1110;34921.0;7.0;3.2
41;49;2021-05-03;3681;1646;40911.0;9.0;4.0
41;59;2021-05-03;10727;3426;45162.0;23.8;7.6
41;64;2021-05-03;11401;1671;22728.0;50.2;7.4
41;69;2021-05-03;12853;1824;22685.0;56.7;8.0
41;74;2021-05-03;15486;3988;20510.0;75.5;19.4
41;79;2021-05-03;11156;7883;12424.0;89.8;63.4
41;80;2021-05-03;21071;15582;27559.0;76.5;56.5
42;24;2021-05-03;2719;921;61452.0;4.4;1.5
42;29;2021-05-03;2726;1082;38460.0;7.1;2.8
42;39;2021-05-03;8026;3132;87478.0;9.2;3.6
42;49;2021-05-03;12663;4670;93717.0;13.5;5.0
42;59;2021-05-03;29691;8581;96985.0;30.6;8.8
42;64;2021-05-03;23881;4698;45737.0;52.2;10.3
42;69;2021-05-03;26600;6063;46317.0;57.4;13.1
42;74;2021-05-03;31473;11062;44186.0;71.2;25.0
42;79;2021-05-03;22854;16458;28220.0;81.0;58.3
42;80;2021-05-03;39441;28915;55551.0;71.0;52.1
43;24;2021-05-03;369;168;13944.0;2.6;1.2
43;29;2021-05-03;458;250;9892.0;4.6;2.5
43;39;2021-05-03;1510;760;24155.0;6.3;3.1
43;49;2021-05-03;2588;1321;28786.0;9.0;4.6
43;59;2021-05-03;7317;2770;32117.0;22.8;8.6
43;64;2021-05-03;6646;1747;16538.0;40.2;10.6
43;69;2021-05-03;8270;2788;15751.0;52.5;17.7
43;74;2021-05-03;11052;5859;14568.0;75.9;40.2
43;79;2021-05-03;7432;6239;8692.0;85.5;71.8
43;80;2021-05-03;13128;11090;17542.0;74.8;63.2
44;24;2021-05-03;4844;1554;121915.0;4.0;1.3
44;29;2021-05-03;5264;1806;83347.0;6.3;2.2
44;39;2021-05-03;14055;5027;190072.0;7.4;2.6
44;49;2021-05-03;18824;7086;190724.0;9.9;3.7
44;59;2021-05-03;48504;13539;177335.0;27.4;7.6
44;64;2021-05-03;41347;5991;80388.0;51.4;7.5
44;69;2021-05-03;45353;6666;78183.0;58.0;8.5
44;74;2021-05-03;53199;14570;68887.0;77.2;21.2
44;79;2021-05-03;35095;21405;41100.0;85.4;52.1
44;80;2021-05-03;61156;40542;79175.0;77.2;51.2
45;24;2021-05-03;1386;370;53473.0;2.6;0.7
45;29;2021-05-03;1676;509;36199.0;4.6;1.4
45;39;2021-05-03;4807;1648;82596.0;5.8;2.0
45;49;2021-05-03;6750;2319;87117.0;7.7;2.7
45;59;2021-05-03;19597;5228;87500.0;22.4;6.0
45;64;2021-05-03;17634;2577;40935.0;43.1;6.3
45;69;2021-05-03;19689;3077;39320.0;50.1;7.8
45;74;2021-05-03;25617;7690;35729.0;71.7;21.5
45;79;2021-05-03;17801;12583;21933.0;81.2;57.4
45;80;2021-05-03;30616;22551;42663.0;71.8;52.9
46;24;2021-05-03;357;84;9162.0;3.9;0.9
46;29;2021-05-03;424;160;6807.0;6.2;2.4
46;39;2021-05-03;1281;465;16429.0;7.8;2.8
46;49;2021-05-03;2375;818;19814.0;12.0;4.1
46;59;2021-05-03;6952;2049;24719.0;28.1;8.3
46;64;2021-05-03;6888;1198;14220.0;48.4;8.4
46;69;2021-05-03;8582;1662;14062.0;61.0;11.8
46;74;2021-05-03;10548;3527;13341.0;79.1;26.4
46;79;2021-05-03;7358;5514;8404.0;87.6;65.6
46;80;2021-05-03;12733;9870;17380.0;73.3;56.8
47;24;2021-05-03;618;199;20332.0;3.0;1.0
47;29;2021-05-03;766;290;14531.0;5.3;2.0
47;39;2021-05-03;2531;1058;35714.0;7.1;3.0
47;49;2021-05-03;4297;1604;38760.0;11.1;4.1
47;59;2021-05-03;12820;3548;45512.0;28.2;7.8
47;64;2021-05-03;11154;2112;23318.0;47.8;9.1
47;69;2021-05-03;13035;2680;23718.0;55.0;11.3
47;74;2021-05-03;15254;5652;21876.0;69.7;25.8
47;79;2021-05-03;11256;7624;14687.0;76.6;51.9
47;80;2021-05-03;19237;13381;28326.0;67.9;47.2
48;24;2021-05-03;214;73;5269.0;4.1;1.4
48;29;2021-05-03;251;91;3397.0;7.4;2.7
48;39;2021-05-03;667;303;7892.0;8.5;3.8
48;49;2021-05-03;1282;597;9437.0;13.6;6.3
48;59;2021-05-03;2802;1030;10818.0;25.9;9.5
48;64;2021-05-03;2202;571;5523.0;39.9;10.3
48;69;2021-05-03;2596;906;5546.0;46.8;16.3
48;74;2021-05-03;3332;1582;4893.0;68.1;32.3
48;79;2021-05-03;2386;1830;3046.0;78.3;60.1
48;80;2021-05-03;4437;3604;6546.0;67.8;55.1
49;24;2021-05-03;3364;1172;73580.0;4.6;1.6
49;29;2021-05-03;3304;1200;40160.0;8.2;3.0
49;39;2021-05-03;8403;3212;95013.0;8.8;3.4
49;49;2021-05-03;11392;4575;102005.0;11.2;4.5
49;59;2021-05-03;30933;7987;102416.0;30.2;7.8
49;64;2021-05-03;29288;3403;49545.0;59.1;6.9
49;69;2021-05-03;31986;3631;47115.0;67.9;7.7
49;74;2021-05-03;34324;9653;41943.0;81.8;23.0
49;79;2021-05-03;22460;15874;26000.0;86.4;61.1
49;80;2021-05-03;42382;31569;58095.0;73.0;54.3
50;24;2021-05-03;1380;561;30917.0;4.5;1.8
50;29;2021-05-03;1675;716;22751.0;7.4;3.1
50;39;2021-05-03;4855;2203;52724.0;9.2;4.2
50;49;2021-05-03;7184;3319;58061.0;12.4;5.7
50;59;2021-05-03;20387;6242;68673.0;29.7;9.1
50;64;2021-05-03;18944;3049;35084.0;54.0;8.7
50;69;2021-05-03;20828;3999;34247.0;60.8;11.7
50;74;2021-05-03;26090;9575;31790.0;82.1;30.1
50;79;2021-05-03;16618;12533;18769.0;88.5;66.8
50;80;2021-05-03;32313;24943;42204.0;76.6;59.1
51;24;2021-05-03;2350;566;53016.0;4.4;1.1
51;29;2021-05-03;2283;725;31606.0;7.2;2.3
51;39;2021-05-03;5204;1972;69338.0;7.5;2.8
51;49;2021-05-03;7205;2660;70406.0;10.2;3.8
51;59;2021-05-03;20173;5736;72009.0;28.0;8.0
51;64;2021-05-03;16371;2741;34031.0;48.1;8.1
51;69;2021-05-03;18623;3485;32988.0;56.5;10.6
51;74;2021-05-03;22560;7368;29996.0;75.2;24.6
51;79;2021-05-03;14234;10943;17033.0;83.6;64.2
51;80;2021-05-03;24221;19141;33132.0;73.1;57.8
52;24;2021-05-03;330;98;10948.0;3.0;0.9
52;29;2021-05-03;445;157;8345.0;5.3;1.9
52;39;2021-05-03;1480;564;17980.0;8.2;3.1
52;49;2021-05-03;2667;920;19980.0;13.3;4.6
52;59;2021-05-03;6975;1881;24288.0;28.7;7.7
52;64;2021-05-03;6193;1034;12592.0;49.2;8.2
52;69;2021-05-03;7031;1296;12380.0;56.8;10.5
52;74;2021-05-03;7933;2292;11009.0;72.1;20.8
52;79;2021-05-03;5379;3365;6500.0;82.8;51.8
52;80;2021-05-03;9558;6469;13571.0;70.4;47.7
53;24;2021-05-03;776;365;21795.0;3.6;1.7
53;29;2021-05-03;765;391;13770.0;5.6;2.8
53;39;2021-05-03;2334;1257;33591.0;6.9;3.7
53;49;2021-05-03;3513;1961;38239.0;9.2;5.1
53;59;2021-05-03;9114;3541;40380.0;22.6;8.8
53;64;2021-05-03;7407;1638;19825.0;37.4;8.3
53;69;2021-05-03;9051;2191;18906.0;47.9;11.6
53;74;2021-05-03;13479;5661;16974.0;79.4;33.4
53;79;2021-05-03;8282;6439;10260.0;80.7;62.8
53;80;2021-05-03;17643;14450;24074.0;73.3;60.0
54;24;2021-05-03;3299;832;73381.0;4.5;1.1
54;29;2021-05-03;3181;998;42716.0;7.4;2.3
54;39;2021-05-03;8073;2892;91468.0;8.8;3.2
54;49;2021-05-03;11591;4044;89778.0;12.9;4.5
54;59;2021-05-03;30666;8961;92748.0;33.1;9.7
54;64;2021-05-03;24673;4836;45058.0;54.8;10.7
54;69;2021-05-03;26114;6217;42708.0;61.1;14.6
54;74;2021-05-03;27216;10444;37042.0;73.5;28.2
54;79;2021-05-03;17464;13629;21736.0;80.3;62.7
54;80;2021-05-03;31438;24857;45006.0;69.9;55.2
55;24;2021-05-03;432;114;12250.0;3.5;0.9
55;29;2021-05-03;501;138;8717.0;5.7;1.6
55;39;2021-05-03;1630;504;20573.0;7.9;2.4
55;49;2021-05-03;2495;795;22189.0;11.2;3.6
55;59;2021-05-03;7394;1848;25507.0;29.0;7.2
55;64;2021-05-03;6946;1079;13096.0;53.0;8.2
55;69;2021-05-03;8018;1492;12914.0;62.1;11.6
55;74;2021-05-03;8683;2840;10888.0;79.7;26.1
55;79;2021-05-03;4766;3422;6009.0;79.3;56.9
55;80;2021-05-03;8888;6515;13022.0;68.3;50.0
56;24;2021-05-03;1964;638;49375.0;4.0;1.3
56;29;2021-05-03;2270;634;31552.0;7.2;2.0
56;39;2021-05-03;7134;2171;80891.0;8.8;2.7
56;49;2021-05-03;11164;3671;94257.0;11.8;3.9
56;59;2021-05-03;28077;7350;103556.0;27.1;7.1
56;64;2021-05-03;28799;3513;55073.0;52.3;6.4
56;69;2021-05-03;33606;4047;54410.0;61.8;7.4
56;74;2021-05-03;42267;8810;49802.0;84.9;17.7
56;79;2021-05-03;26358;17629;28672.0;91.9;61.5
56;80;2021-05-03;45889;31828;57856.0;79.3;55.0
57;24;2021-05-03;3468;2185;76564.0;4.5;2.9
57;29;2021-05-03;3607;2266;57735.0;6.2;3.9
57;39;2021-05-03;11037;6879;132378.0;8.3;5.2
57;49;2021-05-03;16073;9105;131505.0;12.2;6.9
57;59;2021-05-03;44762;18515;147461.0;30.4;12.6
57;64;2021-05-03;35776;11827;71227.0;50.2;16.6
57;69;2021-05-03;37842;14802;64651.0;58.5;22.9
57;74;2021-05-03;39513;20781;50986.0;77.5;40.8
57;79;2021-05-03;26510;22090;34126.0;77.7;64.7
57;80;2021-05-03;45660;38318;62704.0;72.8;61.1
58;24;2021-05-03;412;143;11645.0;3.5;1.2
58;29;2021-05-03;513;193;7782.0;6.6;2.5
58;39;2021-05-03;1557;600;18995.0;8.2;3.2
58;49;2021-05-03;2659;1053;22646.0;11.7;4.6
58;59;2021-05-03;7402;2535;27780.0;26.6;9.1
58;64;2021-05-03;7012;1443;15906.0;44.1;9.1
58;69;2021-05-03;8814;2128;16731.0;52.7;12.7
58;74;2021-05-03;11697;4132;15108.0;77.4;27.3
58;79;2021-05-03;8244;6361;9264.0;89.0;68.7
58;80;2021-05-03;14816;11515;19486.0;76.0;59.1
59;24;2021-05-03;11911;4227;248677.0;4.8;1.7
59;29;2021-05-03;12022;4648;155795.0;7.7;3.0
59;39;2021-05-03;32799;13452;335101.0;9.8;4.0
59;49;2021-05-03;44591;18380;326530.0;13.7;5.6
59;59;2021-05-03;109019;34864;320261.0;34.0;10.9
59;64;2021-05-03;81288;19399;148581.0;54.7;13.1
59;69;2021-05-03;84240;24054;137139.0;61.4;17.5
59;74;2021-05-03;90740;42055;119660.0;75.8;35.1
59;79;2021-05-03;52252;41113;64728.0;80.7;63.5
59;80;2021-05-03;88513;69672;131566.0;67.3;53.0
60;24;2021-05-03;2169;815;62002.0;3.5;1.3
60;29;2021-05-03;2516;1018;44676.0;5.6;2.3
60;39;2021-05-03;8238;3455;106081.0;7.8;3.3
60;49;2021-05-03;13589;5705;111306.0;12.2;5.1
60;59;2021-05-03;32114;11229;110477.0;29.1;10.2
60;64;2021-05-03;23016;6759;49312.0;46.7;13.7
60;69;2021-05-03;24931;8848;46165.0;54.0;19.2
60;74;2021-05-03;28495;15017;38888.0;73.3;38.6
60;79;2021-05-03;17797;14156;21958.0;81.1;64.5
60;80;2021-05-03;27853;22192;39169.0;71.1;56.7
61;24;2021-05-03;748;259;18051.0;4.1;1.4
61;29;2021-05-03;712;295;11845.0;6.0;2.5
61;39;2021-05-03;2603;1125;27860.0;9.3;4.0
61;49;2021-05-03;3859;1685;32672.0;11.8;5.2
61;59;2021-05-03;10769;3507;38069.0;28.3;9.2
61;64;2021-05-03;10240;1827;20092.0;51.0;9.1
61;69;2021-05-03;12108;2397;20194.0;60.0;11.9
61;74;2021-05-03;15169;6460;18393.0;82.5;35.1
61;79;2021-05-03;10313;7904;11048.0;93.3;71.5
61;80;2021-05-03;19461;15148;24824.0;78.4;61.0
62;24;2021-05-03;5021;1921;115190.0;4.4;1.7
62;29;2021-05-03;5561;2405;76661.0;7.3;3.1
62;39;2021-05-03;17986;7898;181223.0;9.9;4.4
62;49;2021-05-03;27498;11576;185396.0;14.8;6.2
62;59;2021-05-03;66385;22593;188804.0;35.2;12.0
62;64;2021-05-03;50921;13992;92654.0;55.0;15.1
62;69;2021-05-03;55544;19195;88487.0;62.8;21.7
62;74;2021-05-03;58999;29722;74647.0;79.0;39.8
62;79;2021-05-03;32903;24916;39304.0;83.7;63.4
62;80;2021-05-03;55654;42205;79983.0;69.6;52.8
63;24;2021-05-03;2504;803;57859.0;4.3;1.4
63;29;2021-05-03;2400;954;34784.0;6.9;2.7
63;39;2021-05-03;6112;2505;77930.0;7.8;3.2
63;49;2021-05-03;8643;3681;83111.0;10.4;4.4
63;59;2021-05-03;23880;7838;86381.0;27.6;9.1
63;64;2021-05-03;20450;4091;42614.0;48.0;9.6
63;69;2021-05-03;22780;5601;41854.0;54.4;13.4
63;74;2021-05-03;27519;11492;37974.0;72.5;30.3
63;79;2021-05-03;18327;14067;23482.0;78.0;59.9
63;80;2021-05-03;29720;22849;44122.0;67.4;51.8
64;24;2021-05-03;1685;624;47008.0;3.6;1.3
64;29;2021-05-03;2366;927;31664.0;7.5;2.9
64;39;2021-05-03;7486;2948;78556.0;9.5;3.8
64;49;2021-05-03;11437;4494;87908.0;13.0;5.1
64;59;2021-05-03;29649;9346;94942.0;31.2;9.8
64;64;2021-05-03;26373;4828;45492.0;58.0;10.6
64;69;2021-05-03;29727;6508;44637.0;66.6;14.6
64;74;2021-05-03;34285;13948;40739.0;84.2;34.2
64;79;2021-05-03;24958;19422;27526.0;90.7;70.6
64;80;2021-05-03;42408;33208;55070.0;77.0;60.3
65;24;2021-05-03;604;182;15160.0;4.0;1.2
65;29;2021-05-03;742;192;9487.0;7.8;2.0
65;39;2021-05-03;2597;726;22948.0;11.3;3.2
65;49;2021-05-03;4699;1416;26998.0;17.4;5.2
65;59;2021-05-03;11682;3406;32331.0;36.1;10.5
65;64;2021-05-03;9531;1959;17205.0;55.4;11.4
65;69;2021-05-03;10971;2797;17101.0;64.2;16.4
65;74;2021-05-03;12691;4812;15217.0;83.4;31.6
65;79;2021-05-03;8884;6429;10138.0;87.6;63.4
65;80;2021-05-03;15499;11368;20637.0;75.1;55.1
66;24;2021-05-03;848;253;31663.0;2.7;0.8
66;29;2021-05-03;1173;386;21408.0;5.5;1.8
66;39;2021-05-03;3871;1310;51091.0;7.6;2.6
66;49;2021-05-03;7127;2425;57577.0;12.4;4.2
66;59;2021-05-03;19067;5083;63924.0;29.8;8.0
66;64;2021-05-03;17564;2755;32657.0;53.8;8.4
66;69;2021-05-03;21237;3685;33729.0;63.0;10.9
66;74;2021-05-03;25357;7692;33285.0;76.2;23.1
66;79;2021-05-03;18157;12520;22201.0;81.8;56.4
66;80;2021-05-03;26734;18844;39492.0;67.7;47.7
67;24;2021-05-03;5386;1490;103470.0;5.2;1.4
67;29;2021-05-03;5028;1623;68258.0;7.4;2.4
67;39;2021-05-03;12289;4370;143902.0;8.5;3.0
67;49;2021-05-03;16045;5638;144948.0;11.1;3.9
67;59;2021-05-03;44329;11576;155713.0;28.5;7.4
67;64;2021-05-03;33290;6234;71470.0;46.6;8.7
67;69;2021-05-03;35373;7753;65531.0;54.0;11.8
67;74;2021-05-03;38685;12158;51149.0;75.6;23.8
67;79;2021-05-03;27233;18609;36563.0;74.5;50.9
67;80;2021-05-03;45365;31390;63738.0;71.2;49.2
68;24;2021-05-03;1652;516;53910.0;3.1;1.0
68;29;2021-05-03;2118;757;40567.0;5.2;1.9
68;39;2021-05-03;6135;2375;94190.0;6.5;2.5
68;49;2021-05-03;9393;3715;100879.0;9.3;3.7
68;59;2021-05-03;27117;9065;108273.0;25.0;8.4
68;64;2021-05-03;22804;5614;50002.0;45.6;11.2
68;69;2021-05-03;24956;7569;46609.0;53.5;16.2
68;74;2021-05-03;27330;12325;37574.0;72.7;32.8
68;79;2021-05-03;19643;15693;26401.0;74.4;59.4
68;80;2021-05-03;32159;25781;45363.0;70.9;56.8
69;24;2021-05-03;8375;3016;193707.0;4.3;1.6
69;29;2021-05-03;8727;3539;128544.0;6.8;2.8
69;39;2021-05-03;19917;7912;255779.0;7.8;3.1
69;49;2021-05-03;25086;10225;235508.0;10.7;4.3
69;59;2021-05-03;64725;21060;220390.0;29.4;9.6
69;64;2021-05-03;45793;10194;92849.0;49.3;11.0
69;69;2021-05-03;47305;11517;86477.0;54.7;13.3
69;74;2021-05-03;59325;25446;80551.0;73.6;31.6
69;79;2021-05-03;47101;36231;56229.0;83.8;64.4
69;80;2021-05-03;74814;57186;102744.0;72.8;55.7
70;24;2021-05-03;357;109;14595.0;2.4;0.7
70;29;2021-05-03;493;190;9950.0;5.0;1.9
70;39;2021-05-03;1493;543;25822.0;5.8;2.1
70;49;2021-05-03;2743;1027;29753.0;9.2;3.5
70;59;2021-05-03;7799;2299;33090.0;23.6;6.9
70;64;2021-05-03;7179;1454;16609.0;43.2;8.8
70;69;2021-05-03;8635;2085;16317.0;52.9;12.8
70;74;2021-05-03;10935;4259;14717.0;74.3;28.9
70;79;2021-05-03;7198;5565;8819.0;81.6;63.1
70;80;2021-05-03;11533;9016;16152.0;71.4;55.8
71;24;2021-05-03;1140;503;33329.0;3.4;1.5
71;29;2021-05-03;1414;639;23851.0;5.9;2.7
71;39;2021-05-03;4829;2150;58219.0;8.3;3.7
71;49;2021-05-03;7680;3276;65377.0;11.7;5.0
71;59;2021-05-03;20062;7042;76338.0;26.3;9.2
71;64;2021-05-03;16999;3948;38652.0;44.0;10.2
71;69;2021-05-03;20788;5370;39372.0;52.8;13.6
71;74;2021-05-03;27195;10276;36506.0;74.5;28.1
71;79;2021-05-03;19418;14696;23611.0;82.2;62.2
71;80;2021-05-03;34204;26418;46373.0;73.8;57.0
72;24;2021-05-03;1457;420;42293.0;3.4;1.0
72;29;2021-05-03;1598;574;26871.0;5.9;2.1
72;39;2021-05-03;4507;1708;61693.0;7.3;2.8
72;49;2021-05-03;6810;2536;69750.0;9.8;3.6
72;59;2021-05-03;16948;4933;73282.0;23.1;6.7
72;64;2021-05-03;15767;2197;36635.0;43.0;6.0
72;69;2021-05-03;17871;2778;35483.0;50.4;7.8
72;74;2021-05-03;20765;5592;31469.0;66.0;17.8
72;79;2021-05-03;14187;8874;19674.0;72.1;45.1
72;80;2021-05-03;27733;18425;41352.0;67.1;44.6
73;24;2021-05-03;815;213;32141.0;2.5;0.7
73;29;2021-05-03;1160;359;21474.0;5.4;1.7
73;39;2021-05-03;3656;1153;52325.0;7.0;2.2
73;49;2021-05-03;5386;1903;57492.0;9.4;3.3
73;59;2021-05-03;15582;4409;59925.0;26.0;7.4
73;64;2021-05-03;13478;2458;27935.0;48.2;8.8
73;69;2021-05-03;15056;3092;25927.0;58.1;11.9
73;74;2021-05-03;17169;5959;22860.0;75.1;26.1
73;79;2021-05-03;13599;10604;15657.0;86.9;67.7
73;80;2021-05-03;20961;16376;28393.0;73.8;57.7
74;24;2021-05-03;1304;409;54544.0;2.4;0.7
74;29;2021-05-03;2235;763;50048.0;4.5;1.5
74;39;2021-05-03;6640;2235;121243.0;5.5;1.8
74;49;2021-05-03;10285;3356;117006.0;8.8;2.9
74;59;2021-05-03;27668;7381;110349.0;25.1;6.7
74;64;2021-05-03;20787;3947;44341.0;46.9;8.9
74;69;2021-05-03;22191;5226;41045.0;54.1;12.7
74;74;2021-05-03;27121;11539;37053.0;73.2;31.1
74;79;2021-05-03;20371;15682;24722.0;82.4;63.4
74;80;2021-05-03;28635;22352;40575.0;70.6;55.1
75;24;2021-05-03;16986;4184;222205.0;7.6;1.9
75;29;2021-05-03;19196;5840;215331.0;8.9;2.7
75;39;2021-05-03;39145;12818;332595.0;11.8;3.9
75;49;2021-05-03;46950;15982;277369.0;16.9;5.8
75;59;2021-05-03;115995;33886;259307.0;44.7;13.1
75;64;2021-05-03;72010;17760;110883.0;64.9;16.0
75;69;2021-05-03;62658;18498;102872.0;60.9;18.0
75;74;2021-05-03;70088;34607;98223.0;71.4;35.2
75;79;2021-05-03;50060;40435;64896.0;77.1;62.3
75;80;2021-05-03;76756;61646;109244.0;70.3;56.4
750;64;2021-05-03;1;0;;;
76;24;2021-05-03;5417;2147;106184.0;5.1;2.0
76;29;2021-05-03;5606;2556;69080.0;8.1;3.7
76;39;2021-05-03;14746;6820;152559.0;9.7;4.5
76;49;2021-05-03;18910;8478;151379.0;12.5;5.6
76;59;2021-05-03;49830;14933;159079.0;31.3;9.4
76;64;2021-05-03;41276;7269;77692.0;53.1;9.4
76;69;2021-05-03;44925;8528;75020.0;59.9;11.4
76;74;2021-05-03;52686;21101;65404.0;80.6;32.3
76;79;2021-05-03;34501;26585;39775.0;86.7;66.8
76;80;2021-05-03;57854;45090;76864.0;75.3;58.7
77;24;2021-05-03;2083;716;119700.0;1.7;0.6
77;29;2021-05-03;2595;1011;83196.0;3.1;1.2
77;39;2021-05-03;8482;3255;192425.0;4.4;1.7
77;49;2021-05-03;13008;4993;196727.0;6.6;2.5
77;59;2021-05-03;36797;10464;185341.0;19.9;5.6
77;64;2021-05-03;30235;5858;76699.0;39.4;7.6
77;69;2021-05-03;32079;7723;66623.0;48.2;11.6
77;74;2021-05-03;37299;16544;56446.0;66.1;29.3
77;79;2021-05-03;26444;21499;34428.0;76.8;62.4
77;80;2021-05-03;40778;33479;57566.0;70.8;58.2
78;24;2021-05-03;2995;738;114179.0;2.6;0.6
78;29;2021-05-03;3448;1109;79205.0;4.4;1.4
78;39;2021-05-03;10649;3258;184091.0;5.8;1.8
78;49;2021-05-03;17066;5320;202141.0;8.4;2.6
78;59;2021-05-03;53347;13255;192045.0;27.8;6.9
78;64;2021-05-03;43561;7197;78301.0;55.6;9.2
78;69;2021-05-03;39298;8912;68519.0;57.4;13.0
78;74;2021-05-03;43009;21326;62672.0;68.6;34.0
78;79;2021-05-03;28215;22587;42980.0;65.6;52.6
78;80;2021-05-03;48636;39681;74459.0;65.3;53.3
79;24;2021-05-03;859;343;23587.0;3.6;1.5
79;29;2021-05-03;921;377;16506.0;5.6;2.3
79;39;2021-05-03;3093;1422;41182.0;7.5;3.5
79;49;2021-05-03;4711;2121;47239.0;10.0;4.5
79;59;2021-05-03;13267;4117;51600.0;25.7;8.0
79;64;2021-05-03;11854;1867;25727.0;46.1;7.3
79;69;2021-05-03;13757;2338;24538.0;56.1;9.5
79;74;2021-05-03;17570;6011;21802.0;80.6;27.6
79;79;2021-05-03;11533;8389;13843.0;83.3;60.6
79;80;2021-05-03;22000;16581;29168.0;75.4;56.8
80;24;2021-05-03;2716;807;53274.0;5.1;1.5
80;29;2021-05-03;2457;866;30964.0;7.9;2.8
80;39;2021-05-03;6295;2450;67453.0;9.3;3.6
80;49;2021-05-03;8385;3250;71182.0;11.8;4.6
80;59;2021-05-03;22054;6284;73570.0;30.0;8.5
80;64;2021-05-03;17758;3331;35831.0;49.6;9.3
80;69;2021-05-03;19531;4432;34903.0;56.0;12.7
80;74;2021-05-03;22613;8949;30000.0;75.4;29.8
80;79;2021-05-03;14567;11142;17445.0;83.5;63.9
80;80;2021-05-03;23473;18283;33674.0;69.7;54.3
81;24;2021-05-03;915;221;25382.0;3.6;0.9
81;29;2021-05-03;1029;362;16270.0;6.3;2.2
81;39;2021-05-03;3535;1099;41434.0;8.5;2.7
81;49;2021-05-03;6728;2003;48581.0;13.8;4.1
81;59;2021-05-03;16345;4576;53768.0;30.4;8.5
81;64;2021-05-03;13347;2446;26784.0;49.8;9.1
81;69;2021-05-03;15591;3619;26379.0;59.1;13.7
81;74;2021-05-03;18386;8080;24116.0;76.2;33.5
81;79;2021-05-03;12904;9343;15421.0;83.7;60.6
81;80;2021-05-03;24110;17802;33465.0;72.0;53.2
82;24;2021-05-03;411;106;16792.0;2.4;0.6
82;29;2021-05-03;591;206;11727.0;5.0;1.8
82;39;2021-05-03;1976;680;30052.0;6.6;2.3
82;49;2021-05-03;3615;1217;35032.0;10.3;3.5
82;59;2021-05-03;9517;2588;35322.0;26.9;7.3
82;64;2021-05-03;8040;1236;16858.0;47.7;7.3
82;69;2021-05-03;9598;1617;16693.0;57.5;9.7
82;74;2021-05-03;11252;3743;14495.0;77.6;25.8
82;79;2021-05-03;8369;5924;9336.0;89.6;63.5
82;80;2021-05-03;13764;10031;18300.0;75.2;54.8
83;24;2021-05-03;1614;681;69501.0;2.3;1.0
83;29;2021-05-03;2311;1103;48220.0;4.8;2.3
83;39;2021-05-03;7538;3704;120276.0;6.3;3.1
83;49;2021-05-03;13650;6216;131324.0;10.4;4.7
83;59;2021-05-03;39529;12588;145518.0;27.2;8.7
83;64;2021-05-03;32788;7871;72726.0;45.1;10.8
83;69;2021-05-03;39709;10523;73312.0;54.2;14.4
83;74;2021-05-03;50967;21425;72201.0;70.6;29.7
83;79;2021-05-03;40651;29347;53309.0;76.3;55.1
83;80;2021-05-03;58600;42607;85869.0;68.2;49.6
84;24;2021-05-03;882;247;39477.0;2.2;0.6
84;29;2021-05-03;1250;408;27578.0;4.5;1.5
84;39;2021-05-03;4270;1430;63922.0;6.7;2.2
84;49;2021-05-03;7644;2651;70030.0;10.9;3.8
84;59;2021-05-03;20518;5763;77217.0;26.6;7.5
84;64;2021-05-03;16492;3160;36344.0;45.4;8.7
84;69;2021-05-03;18628;3774;35290.0;52.8;10.7
84;74;2021-05-03;22020;7196;31933.0;69.0;22.5
84;79;2021-05-03;17998;12773;21947.0;82.0;58.2
84;80;2021-05-03;25673;18574;37418.0;68.6;49.6
85;24;2021-05-03;1665;642;41969.0;4.0;1.5
85;29;2021-05-03;2010;815;29084.0;6.9;2.8
85;39;2021-05-03;5803;2529;75720.0;7.7;3.3
85;49;2021-05-03;8286;3672;86574.0;9.6;4.2
85;59;2021-05-03;20695;6592;89803.0;23.0;7.3
85;64;2021-05-03;22080;2763;47935.0;46.1;5.8
85;69;2021-05-03;27792;3234;49126.0;56.6;6.6
85;74;2021-05-03;37277;8052;45117.0;82.6;17.8
85;79;2021-05-03;23739;16213;26284.0;90.3;61.7
85;80;2021-05-03;41134;30561;50506.0;81.4;60.5
86;24;2021-05-03;2374;454;42794.0;5.5;1.1
86;29;2021-05-03;2018;636;21569.0;9.4;2.9
86;39;2021-05-03;4985;1687;48717.0;10.2;3.5
86;49;2021-05-03;7361;2412;52927.0;13.9;4.6
86;59;2021-05-03;18194;4874;55357.0;32.9;8.8
86;64;2021-05-03;14956;2422;28304.0;52.8;8.6
86;69;2021-05-03;16610;2986;27405.0;60.6;10.9
86;74;2021-05-03;18128;5782;23771.0;76.3;24.3
86;79;2021-05-03;13165;9825;15115.0;87.1;65.0
86;80;2021-05-03;24216;18671;32981.0;73.4;56.6
87;24;2021-05-03;1654;403;30878.0;5.4;1.3
87;29;2021-05-03;1664;543;17124.0;9.7;3.2
87;39;2021-05-03;4293;1512;39312.0;10.9;3.8
87;49;2021-05-03;6654;2379;44763.0;14.9;5.3
87;59;2021-05-03;15970;4505;49746.0;32.1;9.1
87;64;2021-05-03;13095;2187;25026.0;52.3;8.7
87;69;2021-05-03;15011;2663;25500.0;58.9;10.4
87;74;2021-05-03;17916;4786;23660.0;75.7;20.2
87;79;2021-05-03;12185;8646;14787.0;82.4;58.5
87;80;2021-05-03;21743;16024;30671.0;70.9;52.2
88;24;2021-05-03;872;345;23721.0;3.7;1.5
88;29;2021-05-03;961;448;15975.0;6.0;2.8
88;39;2021-05-03;3260;1445;38540.0;8.5;3.7
88;49;2021-05-03;5864;2583;43251.0;13.6;6.0
88;59;2021-05-03;15524;5073;51489.0;30.2;9.9
88;64;2021-05-03;13012;3012;26457.0;49.2;11.4
88;69;2021-05-03;15333;4182;25999.0;59.0;16.1
88;74;2021-05-03;17603;7087;23464.0;75.0;30.2
88;79;2021-05-03;10777;8434;13069.0;82.5;64.5
88;80;2021-05-03;19991;16090;28475.0;70.2;56.5
89;24;2021-05-03;637;237;20050.0;3.2;1.2
89;29;2021-05-03;816;347;14639.0;5.6;2.4
89;39;2021-05-03;2667;1280;36906.0;7.2;3.5
89;49;2021-05-03;4420;2052;40908.0;10.8;5.0
89;59;2021-05-03;11117;4092;45251.0;24.6;9.0
89;64;2021-05-03;9504;2302;23463.0;40.5;9.8
89;69;2021-05-03;11490;3059;24006.0;47.9;12.7
89;74;2021-05-03;15015;6690;21497.0;69.8;31.1
89;79;2021-05-03;9951;7867;12690.0;78.4;62.0
89;80;2021-05-03;17877;14524;25315.0;70.6;57.4
90;24;2021-05-03;455;109;11142.0;4.1;1.0
90;29;2021-05-03;481;150;8158.0;5.9;1.8
90;39;2021-05-03;1506;554;16796.0;9.0;3.3
90;49;2021-05-03;2587;1016;17954.0;14.4;5.7
90;59;2021-05-03;6527;2519;18412.0;35.4;13.7
90;64;2021-05-03;4758;1311;8988.0;52.9;14.6
90;69;2021-05-03;5108;1725;8307.0;61.5;20.8
90;74;2021-05-03;5952;2826;7344.0;81.0;38.5
90;79;2021-05-03;3755;3016;4601.0;81.6;65.6
90;80;2021-05-03;6423;5152;8820.0;72.8;58.4
91;24;2021-05-03;2162;779;117572.0;1.8;0.7
91;29;2021-05-03;3114;1262;81175.0;3.8;1.6
91;39;2021-05-03;9554;3856;174980.0;5.5;2.2
91;49;2021-05-03;15552;6207;179847.0;8.6;3.5
91;59;2021-05-03;42233;12242;169548.0;24.9;7.2
91;64;2021-05-03;32281;6533;68442.0;47.2;9.5
91;69;2021-05-03;30292;7478;57526.0;52.7;13.0
91;74;2021-05-03;34910;15558;50951.0;68.5;30.5
91;79;2021-05-03;26359;21470;33960.0;77.6;63.2
91;80;2021-05-03;43589;35533;59916.0;72.8;59.3
92;24;2021-05-03;4574;1351;139712.0;3.3;1.0
92;29;2021-05-03;6084;2106;114932.0;5.3;1.8
92;39;2021-05-03;15843;5236;241384.0;6.6;2.2
92;49;2021-05-03;23705;7892;227139.0;10.4;3.5
92;59;2021-05-03;61848;16154;201643.0;30.7;8.0
92;64;2021-05-03;40607;8756;79326.0;51.2;11.0
92;69;2021-05-03;35989;10297;69102.0;52.1;14.9
92;74;2021-05-03;40460;21547;62608.0;64.6;34.4
92;79;2021-05-03;28667;23819;42778.0;67.0;55.7
92;80;2021-05-03;52568;44233;79611.0;66.0;55.6
93;24;2021-05-03;4100;1174;149422.0;2.7;0.8
93;29;2021-05-03;6036;1928;116400.0;5.2;1.7
93;39;2021-05-03;16671;5424;256009.0;6.5;2.1
93;49;2021-05-03;24900;7824;231000.0;10.8;3.4
93;59;2021-05-03;57210;16696;197192.0;29.0;8.5
93;64;2021-05-03;39168;10146;78405.0;50.0;12.9
93;69;2021-05-03;35357;12003;65255.0;54.2;18.4
93;74;2021-05-03;32895;17406;51275.0;64.2;33.9
93;79;2021-05-03;24739;19806;31866.0;77.6;62.2
93;80;2021-05-03;37527;30321;51825.0;72.4;58.5
94;24;2021-05-03;5009;1357;128757.0;3.9;1.1
94;29;2021-05-03;5791;2183;96273.0;6.0;2.3
94;39;2021-05-03;14413;5560;201248.0;7.2;2.8
94;49;2021-05-03;20289;7404;189650.0;10.7;3.9
94;59;2021-05-03;51804;16518;178549.0;29.0;9.3
94;64;2021-05-03;37293;9965;73435.0;50.8;13.6
94;69;2021-05-03;34684;11588;61325.0;56.6;18.9
94;74;2021-05-03;37898;20318;53054.0;71.4;38.3
94;79;2021-05-03;25266;20052;34793.0;72.6;57.6
94;80;2021-05-03;43670;35419;65511.0;66.7;54.1
95;24;2021-05-03;3569;1270;107945.0;3.3;1.2
95;29;2021-05-03;4365;1774;76531.0;5.7;2.3
95;39;2021-05-03;11586;4588;175116.0;6.6;2.6
95;49;2021-05-03;16755;6499;167938.0;10.0;3.9
95;59;2021-05-03;41116;12831;155011.0;26.5;8.3
95;64;2021-05-03;32810;6925;65805.0;49.9;10.5
95;69;2021-05-03;31226;8316;55323.0;56.4;15.0
95;74;2021-05-03;34700;18088;45137.0;76.9;40.1
95;79;2021-05-03;23430;19053;26895.0;87.1;70.8
95;80;2021-05-03;36750;30029;48098.0;76.4;62.4
970;74;2021-05-03;1;0;;;
971;24;2021-05-03;211;74;27093.0;0.8;0.3
971;29;2021-05-03;477;211;16795.0;2.8;1.3
971;39;2021-05-03;1350;513;37149.0;3.6;1.4
971;49;2021-05-03;2272;990;48928.0;4.6;2.0
971;59;2021-05-03;3975;1754;60524.0;6.6;2.9
971;64;2021-05-03;2433;1103;27495.0;8.8;4.0
971;69;2021-05-03;2590;1171;23618.0;11.0;5.0
971;74;2021-05-03;2410;1150;19823.0;12.2;5.8
971;79;2021-05-03;1731;995;13239.0;13.1;7.5
971;80;2021-05-03;1839;1076;20928.0;8.8;5.1
972;24;2021-05-03;762;148;24337.0;3.1;0.6
972;29;2021-05-03;1124;416;15561.0;7.2;2.7
972;39;2021-05-03;3342;1128;34280.0;9.7;3.3
972;49;2021-05-03;5174;1826;42967.0;12.0;4.2
972;59;2021-05-03;7736;2814;62671.0;12.3;4.5
972;64;2021-05-03;4399;1592;28516.0;15.4;5.6
972;69;2021-05-03;4519;1765;24040.0;18.8;7.3
972;74;2021-05-03;4295;1997;19607.0;21.9;10.2
972;79;2021-05-03;3136;1769;13902.0;22.6;12.7
972;80;2021-05-03;3161;1674;24265.0;13.0;6.9
973;24;2021-05-03;635;118;30954.0;2.1;0.4
973;29;2021-05-03;1131;325;19945.0;5.7;1.6
973;39;2021-05-03;4241;989;39602.0;10.7;2.5
973;49;2021-05-03;5359;1334;34757.0;15.4;3.8
973;59;2021-05-03;6668;3668;27026.0;24.7;13.6
973;64;2021-05-03;2632;1523;10200.0;25.8;14.9
973;69;2021-05-03;1869;1119;7246.0;25.8;15.4
973;74;2021-05-03;1283;783;4665.0;27.5;16.8
973;79;2021-05-03;758;505;2703.0;28.0;18.7
973;80;2021-05-03;666;427;3390.0;19.6;12.6
974;24;2021-05-03;878;370;74456.0;1.2;0.5
974;29;2021-05-03;2163;1204;48787.0;4.4;2.5
974;39;2021-05-03;5625;2984;104568.0;5.4;2.9
974;49;2021-05-03;7658;3718;113615.0;6.7;3.3
974;59;2021-05-03;17517;6175;125597.0;13.9;4.9
974;64;2021-05-03;11110;3847;49376.0;22.5;7.8
974;69;2021-05-03;11022;4388;40475.0;27.2;10.8
974;74;2021-05-03;10279;4650;27194.0;37.8;17.1
974;79;2021-05-03;8072;5635;19499.0;41.4;28.9
974;80;2021-05-03;8999;6221;25277.0;35.6;24.6
976;24;2021-05-03;494;181;26827.0;1.8;0.7
976;29;2021-05-03;1017;527;18625.0;5.5;2.8
976;39;2021-05-03;2614;1243;37697.0;6.9;3.3
976;49;2021-05-03;3700;1873;28132.0;13.2;6.7
976;59;2021-05-03;3843;2346;14768.0;26.0;15.9
976;64;2021-05-03;1479;932;4594.0;32.2;20.3
976;69;2021-05-03;999;635;3152.0;31.7;20.1
976;74;2021-05-03;579;291;1775.0;32.6;16.4
976;79;2021-05-03;347;195;1259.0;27.6;15.5
976;80;2021-05-03;329;164;1186.0;27.7;13.8
977;24;2021-05-03;231;17;757.0;30.5;2.2
977;29;2021-05-03;317;28;960.0;33.0;2.9
977;39;2021-05-03;711;62;1752.0;40.6;3.5
977;49;2021-05-03;887;80;1808.0;49.1;4.4
977;59;2021-05-03;1171;150;1548.0;75.6;9.7
977;64;2021-05-03;550;102;433.0;99.0;23.6
977;69;2021-05-03;460;108;309.0;99.0;35.0
977;74;2021-05-03;349;91;251.0;99.0;36.3
977;79;2021-05-03;211;74;170.0;99.0;43.5
977;80;2021-05-03;227;54;216.0;99.0;25.0
978;24;2021-05-03;23;11;2459.1;0.9;0.4
978;29;2021-05-03;52;28;2086.3;2.5;1.3
978;39;2021-05-03;300;145;4598.4;6.5;3.2
978;49;2021-05-03;514;239;5612.0;9.2;4.3
978;59;2021-05-03;751;398;5042.5;14.9;7.9
978;64;2021-05-03;311;191;1727.8;18.0;11.1
978;69;2021-05-03;268;193;1332.2;20.1;14.5
978;74;2021-05-03;230;196;766.5;30.0;25.6
978;79;2021-05-03;132;137;386.4;34.2;35.5
978;80;2021-05-03;99;88;416.7;23.8;21.1
01;0;2021-05-03;130667;54794;656955.0;19.9;8.3
02;0;2021-05-03;118277;52997;526050.0;22.5;10.1
03;0;2021-05-03;98127;46274;331315.0;29.6;14.0
04;0;2021-05-03;42388;22289;165197.0;25.7;13.5
05;0;2021-05-03;38478;18964;141756.0;27.1;13.4
06;0;2021-05-03;331049;159365;1079396.0;30.7;14.8
07;0;2021-05-03;87289;40048;326875.0;26.7;12.3
08;0;2021-05-03;73510;29996;265531.0;27.7;11.3
09;0;2021-05-03;45693;21360;152398.0;30.0;14.0
10;0;2021-05-03;85582;40510;309907.0;27.6;13.1
11;0;2021-05-03;97327;40516;372705.0;26.1;10.9
12;0;2021-05-03;89440;42285;278360.0;32.1;15.2
13;0;2021-05-03;505966;248494;2034469.0;24.9;12.2
14;0;2021-05-03;196285;77858;691453.0;28.4;11.3
15;0;2021-05-03;44174;20431;142811.0;30.9;14.3
16;0;2021-05-03;96803;38695;348180.0;27.8;11.1
17;0;2021-05-03;192678;86501;647080.0;29.8;13.4
18;0;2021-05-03;84079;35459;296404.0;28.4;12.0
19;0;2021-05-03;72332;33427;240336.0;30.1;13.9
21;0;2021-05-03;130046;64069;532886.0;24.4;12.0
22;0;2021-05-03;190033;91406;596186.0;31.9;15.3
23;0;2021-05-03;39179;17342;116270.0;33.7;14.9
24;0;2021-05-03;121178;49823;408393.0;29.7;12.2
25;0;2021-05-03;120727;54906;539449.0;22.4;10.2
26;0;2021-05-03;131296;59694;520560.0;25.2;11.5
27;0;2021-05-03;133258;58502;600687.0;22.2;9.7
28;0;2021-05-03;105778;42203;429425.0;24.6;9.8
29;0;2021-05-03;260545;96097;906554.0;28.7;10.6
2A;0;2021-05-03;56325;28873;162421.0;34.7;17.8
2B;0;2021-05-03;57214;29133;182258.0;31.4;16.0
30;0;2021-05-03;193068;89415;748468.0;25.8;11.9
31;0;2021-05-03;307744;113799;1400935.0;22.0;8.1
32;0;2021-05-03;58344;20440;190040.0;30.7;10.8
33;0;2021-05-03;416565;160634;1633440.0;25.5;9.8
34;0;2021-05-03;300757;126927;1176145.0;25.6;10.8
35;0;2021-05-03;264018;93148;1082073.0;24.4;8.6
36;0;2021-05-03;68046;28461;217139.0;31.3;13.1
37;0;2021-05-03;155886;54549;605380.0;25.8;9.0
38;0;2021-05-03;297406;117951;1264979.0;23.5;9.3
39;0;2021-05-03;66439;32911;257849.0;25.8;12.8
40;0;2021-05-03;121227;51354;411979.0;29.4;12.5
41;0;2021-05-03;90394;37776;327835.0;27.6;11.5
42;0;2021-05-03;200131;85598;764737.0;26.2;11.2
43;0;2021-05-03;58775;32994;226901.0;25.9;14.5
44;0;2021-05-03;327724;118219;1437137.0;22.8;8.2
45;0;2021-05-03;145606;58557;682890.0;21.3;8.6
46;0;2021-05-03;57512;25350;173166.0;33.2;14.6
47;0;2021-05-03;90992;38156;330336.0;27.5;11.6
48;0;2021-05-03;20170;10587;76286.0;26.4;13.9
49;0;2021-05-03;217889;82300;815881.0;26.7;10.1
50;0;2021-05-03;150309;67147;490669.0;30.6;13.7
51;0;2021-05-03;133252;55346;563823.0;23.6;9.8
52;0;2021-05-03;47998;18077;169250.0;28.4;10.7
53;0;2021-05-03;72379;37898;305365.0;23.7;12.4
54;0;2021-05-03;183768;77727;730398.0;25.2;10.6
55;0;2021-05-03;49760;18748;181641.0;27.4;10.3
56;0;2021-05-03;227573;80308;755566.0;30.1;10.6
57;0;2021-05-03;264330;146798;1035866.0;25.5;14.2
58;0;2021-05-03;63136;30104;199596.0;31.6;15.1
59;0;2021-05-03;607568;271936;2588988.0;23.5;10.5
60;0;2021-05-03;180772;89208;825077.0;21.9;10.8
61;0;2021-05-03;86001;40615;276903.0;31.1;14.7
62;0;2021-05-03;376561;176455;1452778.0;25.9;12.1
63;0;2021-05-03;162366;73889;660240.0;24.6;11.2
64;0;2021-05-03;210410;96260;683169.0;30.8;14.1
65;0;2021-05-03;77913;33292;226839.0;34.3;14.7
66;0;2021-05-03;141157;54963;479000.0;29.5;11.5
67;0;2021-05-03;263145;100876;1132607.0;23.2;8.9
68;0;2021-05-03;173347;83422;763204.0;22.7;10.9
69;0;2021-05-03;401295;186365;1876051.0;21.4;9.9
70;0;2021-05-03;58376;26550;233194.0;25.0;11.4
71;0;2021-05-03;153757;74323;547824.0;28.1;13.6
72;0;2021-05-03;127667;48040;560227.0;22.8;8.6
73;0;2021-05-03;106882;46531;432548.0;24.7;10.8
74;0;2021-05-03;167283;72906;828405.0;20.2;8.8
75;0;2021-05-03;570162;245748;2148271.0;26.5;11.4
76;0;2021-05-03;325828;143549;1243788.0;26.2;11.5
77;0;2021-05-03;229873;105561;1423607.0;16.1;7.4
78;0;2021-05-03;290300;123404;1448625.0;20.0;8.5
79;0;2021-05-03;99582;43571;372627.0;26.7;11.7
80;0;2021-05-03;139880;59805;569769.0;24.6;10.5
81;0;2021-05-03;112911;49556;387898.0;29.1;12.8
82;0;2021-05-03;67146;27351;262618.0;25.6;10.4
83;0;2021-05-03;287424;136101;1073836.0;26.8;12.7
84;0;2021-05-03;135423;55985;560997.0;24.1;10.0
85;0;2021-05-03;190509;75076;683187.0;27.9;11.0
86;0;2021-05-03;122032;49758;437398.0;27.9;11.4
87;0;2021-05-03;110213;43649;370774.0;29.7;11.8
88;0;2021-05-03;103222;48707;359520.0;28.7;13.5
89;0;2021-05-03;83512;42454;332096.0;25.1;12.8
90;0;2021-05-03;37571;18387;140145.0;26.8;13.1
91;0;2021-05-03;240121;110934;1319401.0;18.2;8.4
92;0;2021-05-03;310435;141414;1613762.0;19.2;8.8
93;0;2021-05-03;278748;122760;1670149.0;16.7;7.4
94;0;2021-05-03;276201;130388;1406041.0;19.6;9.3
95;0;2021-05-03;236380;109400;1248354.0;18.9;8.8
971;0;2021-05-03;19301;9040;376879.0;5.1;2.4
972;0;2021-05-03;37671;15133;358749.0;10.5;4.2
973;0;2021-05-03;25279;10802;290691.0;8.7;3.7
974;0;2021-05-03;83355;39205;859959.0;9.7;4.6
976;0;2021-05-03;15415;8391;279471.0;5.5;3.0
977;0;2021-05-03;5117;766;9961.0;51.4;7.7
978;0;2021-05-03;2684;1628;35334.0;7.6;4.6
